,Entry Time,Exit Time,Symbol,Direction,Entry,Exit
0,2017-07-08 15:45:00,2017-07-17 18:15:00,LTCUSD,LONG,49.98,42.09
1,2017-07-18 03:15:00,2017-07-21 09:00:00,LTCUSD,LONG,41.31,46.64
2,2017-07-22 14:30:00,2017-07-28 16:30:00,LTCUSD,LONG,45.48,40.53
3,2017-07-29 01:45:00,2017-07-29 04:30:00,LTCUSD,LONG,39.64,39.59
4,2017-07-29 14:15:00,2017-08-03 04:15:00,LTCUSD,LONG,39.3,41.98
5,2017-08-03 06:00:00,2017-08-04 09:30:00,LTCUSD,LONG,42.11,42.36
6,2017-08-07 19:00:00,2017-08-10 02:15:00,LTCUSD,LONG,45.85,47.58
7,2017-08-10 08:15:00,2017-08-10 13:30:00,LTCUSD,LONG,47.98,48.0
8,2017-08-10 18:15:00,2017-08-10 19:00:00,LTCUSD,LONG,47.95,47.68
9,2017-08-11 07:15:00,2017-08-11 10:00:00,LTCUSD,LONG,47.11,46.81
10,2017-08-11 20:45:00,2017-08-11 21:45:00,LTCUSD,LONG,46.88,46.85
11,2017-08-12 00:00:00,2017-08-12 07:45:00,LTCUSD,LONG,47.07,47.13
12,2017-08-12 09:15:00,2017-08-12 18:15:00,LTCUSD,LONG,47.02,46.91
13,2017-08-12 20:00:00,2017-08-13 08:00:00,LTCUSD,LONG,46.95,46.44
14,2017-08-13 11:15:00,2017-08-13 14:15:00,LTCUSD,LONG,46.13,45.36
15,2017-08-13 15:00:00,2017-08-14 05:30:00,LTCUSD,LONG,45.5,45.93
16,2017-08-14 09:45:00,2017-08-14 13:30:00,LTCUSD,LONG,45.55,45.01
17,2017-08-14 16:00:00,2017-08-14 22:00:00,LTCUSD,LONG,45.39,45.3
18,2017-08-15 00:45:00,2017-08-15 05:30:00,LTCUSD,LONG,45.08,43.27
19,2017-08-15 21:15:00,2017-08-16 09:15:00,LTCUSD,LONG,43.28,42.98
20,2017-08-16 18:30:00,2017-08-16 23:15:00,LTCUSD,LONG,44.3,44.01
21,2017-08-17 15:30:00,2017-08-17 22:00:00,LTCUSD,LONG,44.32,43.85
22,2017-08-17 23:00:00,2017-08-18 13:15:00,LTCUSD,LONG,44.0,46.54
23,2017-08-18 21:00:00,2017-08-18 23:30:00,LTCUSD,LONG,44.36,45.36
24,2017-08-19 02:30:00,2017-08-20 07:15:00,LTCUSD,LONG,45.93,44.65
25,2017-08-20 10:00:00,2017-08-21 05:15:00,LTCUSD,LONG,44.81,45.72
26,2017-08-21 07:30:00,2017-08-22 08:45:00,LTCUSD,LONG,45.88,45.22
27,2017-08-22 09:45:00,2017-08-22 20:15:00,LTCUSD,LONG,45.94,46.13
28,2017-08-23 03:45:00,2017-08-24 06:45:00,LTCUSD,LONG,46.38,51.79
29,2017-08-24 20:15:00,2017-08-25 03:00:00,LTCUSD,LONG,52.1,51.0
30,2017-08-25 18:00:00,2017-08-26 02:00:00,LTCUSD,LONG,51.98,50.54
31,2017-08-26 21:15:00,2017-08-27 20:30:00,LTCUSD,LONG,51.8,63.21
32,2017-08-28 14:30:00,2017-08-28 16:15:00,LTCUSD,LONG,63.27,63.02
33,2017-08-29 22:00:00,2017-08-30 07:00:00,LTCUSD,LONG,63.55,63.02
34,2017-08-30 18:30:00,2017-09-01 08:45:00,LTCUSD,LONG,63.17,76.67
35,2017-09-03 09:45:00,2017-09-03 13:30:00,LTCUSD,LONG,80.07,78.31
36,2017-09-04 03:30:00,2017-09-04 22:30:00,LTCUSD,LONG,78.03,73.86
37,2017-09-07 14:15:00,2017-09-07 19:30:00,LTCUSD,LONG,82.22,80.96
38,2017-09-07 21:00:00,2017-09-08 06:00:00,LTCUSD,LONG,79.84,80.35
39,2017-09-08 13:00:00,2017-09-09 08:15:00,LTCUSD,LONG,81.11,73.3
40,2017-09-09 13:30:00,2017-09-10 02:15:00,LTCUSD,LONG,70.89,69.68
41,2017-09-10 16:30:00,2017-09-11 03:30:00,LTCUSD,LONG,67.35,71.13
42,2017-09-11 05:45:00,2017-09-12 00:15:00,LTCUSD,LONG,66.52,68.82
43,2017-09-12 10:15:00,2017-09-12 13:30:00,LTCUSD,LONG,70.38,69.67
44,2017-09-12 16:15:00,2017-09-13 23:00:00,LTCUSD,LONG,68.66,62.54
45,2017-09-14 14:15:00,2017-09-16 07:15:00,LTCUSD,LONG,51.38,56.1
46,2017-09-17 12:00:00,2017-09-18 04:30:00,LTCUSD,LONG,49.97,52.5
47,2017-09-18 16:30:00,2017-09-19 01:00:00,LTCUSD,LONG,55.71,55.32
48,2017-09-19 12:15:00,2017-09-20 17:15:00,LTCUSD,LONG,55.75,53.58
49,2017-09-21 02:30:00,2017-09-22 01:30:00,LTCUSD,LONG,51.5,47.26
50,2017-09-22 05:45:00,2017-09-22 16:30:00,LTCUSD,LONG,48.24,45.75
51,2017-09-23 09:15:00,2017-09-24 06:30:00,LTCUSD,LONG,48.28,47.87
52,2017-09-24 19:45:00,2017-09-25 00:00:00,LTCUSD,LONG,47.7,47.7
53,2017-09-25 18:00:00,2017-09-26 23:30:00,LTCUSD,LONG,51.84,52.5
54,2017-09-27 15:15:00,2017-09-28 07:00:00,LTCUSD,LONG,54.34,56.69
55,2017-09-28 11:30:00,2017-09-28 21:45:00,LTCUSD,LONG,55.4,54.7
56,2017-09-29 07:30:00,2017-09-29 14:30:00,LTCUSD,LONG,52.3,53.67
57,2017-09-30 02:30:00,2017-09-30 03:30:00,LTCUSD,LONG,53.82,53.82
58,2017-10-01 10:15:00,2017-10-02 01:15:00,LTCUSD,LONG,54.4,54.81
59,2017-10-02 06:30:00,2017-10-03 22:00:00,LTCUSD,LONG,54.82,51.9
60,2017-10-04 01:45:00,2017-10-04 21:15:00,LTCUSD,LONG,52.03,50.8
61,2017-10-05 15:15:00,2017-10-05 16:30:00,LTCUSD,LONG,51.46,51.45
62,2017-10-05 18:15:00,2017-10-05 19:45:00,LTCUSD,LONG,51.44,51.77
63,2017-10-06 06:00:00,2017-10-06 19:00:00,LTCUSD,LONG,51.95,52.2
64,2017-10-07 02:30:00,2017-10-07 08:15:00,LTCUSD,LONG,51.85,51.82
65,2017-10-07 08:30:00,2017-10-07 20:00:00,LTCUSD,LONG,51.87,51.84
66,2017-10-07 20:45:00,2017-10-08 02:00:00,LTCUSD,LONG,51.87,52.53
67,2017-10-10 02:00:00,2017-10-10 18:00:00,LTCUSD,LONG,50.1,50.56
68,2017-10-10 20:45:00,2017-10-11 06:15:00,LTCUSD,LONG,50.81,50.44
69,2017-10-11 08:15:00,2017-10-11 14:00:00,LTCUSD,LONG,50.5,50.47
70,2017-10-11 20:45:00,2017-10-12 05:00:00,LTCUSD,LONG,50.78,50.79
71,2017-10-12 09:45:00,2017-10-13 13:30:00,LTCUSD,LONG,51.95,59.02
72,2017-10-13 14:15:00,2017-10-13 20:45:00,LTCUSD,LONG,58.91,58.15
73,2017-10-13 23:45:00,2017-10-14 22:00:00,LTCUSD,LONG,58.9,64.94
74,2017-10-15 00:45:00,2017-10-15 11:15:00,LTCUSD,LONG,64.15,64.6
75,2017-10-16 15:30:00,2017-10-17 10:15:00,LTCUSD,LONG,64.12,62.14
76,2017-10-19 07:45:00,2017-10-19 09:00:00,LTCUSD,LONG,58.89,59.39
77,2017-10-19 13:00:00,2017-10-19 19:00:00,LTCUSD,LONG,60.2,60.18
78,2017-10-20 11:30:00,2017-10-21 15:15:00,LTCUSD,LONG,58.9,57.77
79,2017-10-22 21:15:00,2017-10-23 12:45:00,LTCUSD,LONG,56.44,53.84
80,2017-10-24 13:15:00,2017-10-24 14:45:00,LTCUSD,LONG,58.17,58.44
81,2017-10-24 23:00:00,2017-10-25 23:45:00,LTCUSD,LONG,56.18,56.33
82,2017-10-26 11:15:00,2017-10-26 13:45:00,LTCUSD,LONG,56.59,56.47
83,2017-10-26 16:15:00,2017-10-27 02:30:00,LTCUSD,LONG,56.2,55.7
84,2017-10-27 21:15:00,2017-10-27 21:45:00,LTCUSD,LONG,55.1,55.14
85,2017-10-28 01:00:00,2017-10-28 14:00:00,LTCUSD,LONG,55.85,54.4
86,2017-10-29 03:30:00,2017-10-30 11:15:00,LTCUSD,LONG,54.52,57.1
87,2017-10-30 14:45:00,2017-10-30 18:30:00,LTCUSD,LONG,56.45,56.58
88,2017-10-31 13:45:00,2017-11-01 12:30:00,LTCUSD,LONG,56.37,54.9
89,2017-11-02 17:00:00,2017-11-03 19:15:00,LTCUSD,LONG,53.05,55.16
90,2017-11-04 13:15:00,2017-11-05 02:30:00,LTCUSD,LONG,55.85,54.92
91,2017-11-05 10:45:00,2017-11-06 13:30:00,LTCUSD,LONG,55.14,55.49
92,2017-11-07 06:30:00,2017-11-07 09:45:00,LTCUSD,LONG,55.25,55.37
93,2017-11-13 08:00:00,2017-11-15 05:15:00,LTCUSD,LONG,59.58,62.64
94,2017-11-15 22:00:00,2017-11-16 05:45:00,LTCUSD,LONG,63.07,63.81
95,2017-11-16 16:30:00,2017-11-17 02:30:00,LTCUSD,LONG,63.9,68.7
96,2017-11-17 17:00:00,2017-11-17 23:45:00,LTCUSD,LONG,67.66,67.5
97,2017-11-19 17:00:00,2017-11-19 22:30:00,LTCUSD,LONG,72.0,71.6
98,2017-11-20 13:45:00,2017-11-20 20:15:00,LTCUSD,LONG,72.08,72.12
99,2017-11-22 02:45:00,2017-11-29 15:45:00,LTCUSD,LONG,70.75,100.0
100,2017-11-30 03:15:00,2017-11-30 09:15:00,LTCUSD,LONG,91.03,88.84
101,2017-12-01 14:45:00,2017-12-02 06:45:00,LTCUSD,LONG,92.66,103.32
102,2017-12-04 18:15:00,2017-12-05 05:00:00,LTCUSD,LONG,98.21,101.82
103,2017-12-11 08:15:00,2017-12-12 05:30:00,LTCUSD,LONG,162.11,251.46
104,2017-12-18 15:15:00,2017-12-19 09:00:00,LTCUSD,LONG,320.59,360.0
105,2018-01-01 19:30:00,2018-01-02 03:45:00,LTCUSD,LONG,223.05,242.0
106,2018-01-02 14:15:00,2018-01-04 20:45:00,LTCUSD,LONG,259.0,232.79
107,2018-01-05 05:00:00,2018-01-05 14:45:00,LTCUSD,LONG,239.99,247.9
108,2018-01-05 22:00:00,2018-01-06 14:30:00,LTCUSD,LONG,247.9,289.0
109,2018-01-06 17:45:00,2018-01-06 22:30:00,LTCUSD,LONG,288.27,281.01
110,2018-01-07 17:15:00,2018-01-08 16:15:00,LTCUSD,LONG,273.5,251.48
111,2018-01-08 18:45:00,2018-01-09 11:00:00,LTCUSD,LONG,257.55,246.8
112,2018-01-10 00:45:00,2018-01-12 00:15:00,LTCUSD,LONG,242.57,221.8
113,2018-01-12 19:00:00,2018-01-13 06:15:00,LTCUSD,LONG,231.63,240.0
114,2018-01-13 18:15:00,2018-01-15 18:15:00,LTCUSD,LONG,246.9,238.33
115,2018-01-15 18:30:00,2018-01-16 08:15:00,LTCUSD,LONG,238.5,200.0
116,2018-01-22 19:30:00,2018-01-23 06:15:00,LTCUSD,LONG,175.78,172.2
117,2018-01-24 19:30:00,2018-01-25 04:45:00,LTCUSD,LONG,179.5,182.5
118,2018-01-25 13:15:00,2018-01-26 16:45:00,LTCUSD,LONG,178.2,177.5
119,2018-01-29 19:45:00,2018-01-30 18:30:00,LTCUSD,LONG,178.75,161.35
120,2018-01-31 12:15:00,2018-02-01 03:15:00,LTCUSD,LONG,164.83,162.3
121,2018-02-01 16:30:00,2018-02-02 22:30:00,LTCUSD,LONG,143.85,129.19
122,2018-02-03 06:30:00,2018-02-07 00:15:00,LTCUSD,LONG,127.08,139.51
123,2018-02-07 19:00:00,2018-02-08 06:15:00,LTCUSD,LONG,151.01,140.55
124,2018-02-08 09:30:00,2018-02-10 20:15:00,LTCUSD,LONG,144.67,151.4
125,2018-02-12 07:00:00,2018-02-12 14:30:00,LTCUSD,LONG,153.25,155.36
126,2018-02-13 17:45:00,2018-02-16 03:30:00,LTCUSD,LONG,158.49,212.5
127,2018-02-19 09:30:00,2018-02-20 13:45:00,LTCUSD,LONG,221.78,242.3
128,2018-02-22 18:30:00,2018-02-24 14:30:00,LTCUSD,LONG,194.89,201.64
129,2018-02-25 06:30:00,2018-02-25 20:45:00,LTCUSD,LONG,207.38,215.07
130,2018-03-01 00:30:00,2018-03-02 13:00:00,LTCUSD,LONG,203.86,208.24
131,2018-03-02 18:45:00,2018-03-03 10:00:00,LTCUSD,LONG,205.72,214.04
132,2018-03-03 16:30:00,2018-03-05 22:45:00,LTCUSD,LONG,213.05,211.26
133,2018-03-07 01:30:00,2018-03-09 12:00:00,LTCUSD,LONG,198.41,171.26
134,2018-03-09 21:30:00,2018-03-10 13:30:00,LTCUSD,LONG,189.32,185.0
135,2018-03-10 21:15:00,2018-03-10 21:30:00,LTCUSD,LONG,178.47,177.06
136,2018-03-11 06:30:00,2018-03-11 17:00:00,LTCUSD,LONG,182.3,187.53
137,2018-03-12 02:45:00,2018-03-12 03:00:00,LTCUSD,LONG,188.52,187.84
138,2018-03-13 03:30:00,2018-03-15 10:45:00,LTCUSD,LONG,176.02,163.64
139,2018-03-15 15:30:00,2018-03-15 22:00:00,LTCUSD,LONG,159.0,166.44
140,2018-03-16 18:45:00,2018-03-16 23:45:00,LTCUSD,LONG,170.0,164.54
141,2018-03-18 17:15:00,2018-03-18 22:15:00,LTCUSD,LONG,139.8,151.6
142,2018-03-23 04:30:00,2018-03-23 19:00:00,LTCUSD,LONG,159.17,162.82
143,2018-03-23 22:30:00,2018-03-24 01:45:00,LTCUSD,LONG,164.15,166.6
144,2018-03-24 15:00:00,2018-03-24 22:45:00,LTCUSD,LONG,165.43,160.66
145,2018-03-25 02:15:00,2018-03-25 15:45:00,LTCUSD,LONG,159.73,159.2
146,2018-03-25 18:15:00,2018-03-29 20:45:00,LTCUSD,LONG,161.35,114.41
147,2018-04-06 00:30:00,2018-04-06 02:45:00,LTCUSD,LONG,119.84,118.36
148,2018-04-06 19:30:00,2018-04-06 20:30:00,LTCUSD,LONG,113.5,113.35
149,2018-04-07 04:00:00,2018-04-07 08:30:00,LTCUSD,LONG,118.4,117.99
150,2018-04-07 10:30:00,2018-04-07 21:15:00,LTCUSD,LONG,117.58,117.55
151,2018-04-07 22:45:00,2018-04-09 18:45:00,LTCUSD,LONG,116.57,114.8
152,2018-04-09 20:30:00,2018-04-09 23:00:00,LTCUSD,LONG,113.8,114.4
153,2018-04-10 17:15:00,2018-04-11 03:00:00,LTCUSD,LONG,114.48,113.6
154,2018-04-11 07:30:00,2018-04-11 20:30:00,LTCUSD,LONG,114.09,114.25
155,2018-04-12 16:45:00,2018-04-14 04:15:00,LTCUSD,LONG,120.15,127.25
156,2018-04-14 15:15:00,2018-04-15 13:15:00,LTCUSD,LONG,126.32,132.0
157,2018-04-15 18:15:00,2018-04-15 21:00:00,LTCUSD,LONG,131.0,130.64
158,2018-04-16 14:15:00,2018-04-16 18:30:00,LTCUSD,LONG,126.01,127.47
159,2018-04-17 16:00:00,2018-04-21 08:00:00,LTCUSD,LONG,137.065,153.6
160,2018-04-21 18:15:00,2018-04-22 01:45:00,LTCUSD,LONG,148.12,145.44
161,2018-04-22 10:45:00,2018-04-30 14:45:00,LTCUSD,LONG,151.18,150.45
162,2018-04-30 21:30:00,2018-05-01 18:30:00,LTCUSD,LONG,149.05,144.88
163,2018-05-02 14:30:00,2018-05-03 20:30:00,LTCUSD,LONG,148.16,159.0
164,2018-05-04 12:45:00,2018-05-05 08:30:00,LTCUSD,LONG,162.72,171.18
165,2018-05-05 09:30:00,2018-05-06 02:15:00,LTCUSD,LONG,172.0,179.01
166,2018-05-06 16:15:00,2018-05-06 19:15:00,LTCUSD,LONG,169.87,168.6
167,2018-05-07 15:30:00,2018-05-08 11:30:00,LTCUSD,LONG,162.15,159.5
168,2018-05-08 22:30:00,2018-05-09 00:00:00,LTCUSD,LONG,159.24,158.75
169,2018-05-09 11:00:00,2018-05-09 13:30:00,LTCUSD,LONG,157.0,157.62
170,2018-05-15 21:15:00,2018-05-15 21:45:00,LTCUSD,LONG,140.44,140.41
171,2018-05-16 01:45:00,2018-05-16 08:45:00,LTCUSD,LONG,137.125,136.12
172,2018-05-16 12:15:00,2018-05-30 18:45:00,LTCUSD,LONG,139.89,116.75
173,2018-05-30 20:30:00,2018-06-01 02:45:00,LTCUSD,LONG,117.25,118.51
174,2018-06-01 12:30:00,2018-06-01 21:15:00,LTCUSD,LONG,117.66,118.52
175,2018-06-08 23:45:00,2018-06-10 04:45:00,LTCUSD,LONG,120.04,114.5
176,2018-06-10 15:30:00,2018-06-10 17:15:00,LTCUSD,LONG,113.73,111.0
177,2018-06-10 21:30:00,2018-06-11 09:45:00,LTCUSD,LONG,105.53,107.07
178,2018-06-19 09:15:00,2018-06-20 07:15:00,LTCUSD,LONG,97.72,96.49
179,2018-06-20 08:45:00,2018-06-20 21:00:00,LTCUSD,LONG,96.2,97.5
180,2018-06-21 22:15:00,2018-06-24 19:45:00,LTCUSD,LONG,96.31,80.86
181,2018-06-24 20:00:00,2018-06-25 05:15:00,LTCUSD,LONG,81.0,80.08
182,2018-06-26 03:30:00,2018-06-29 20:15:00,LTCUSD,LONG,81.65,73.36
183,2018-06-29 21:00:00,2018-07-05 02:00:00,LTCUSD,LONG,74.14,86.09
184,2018-07-05 03:15:00,2018-07-05 14:30:00,LTCUSD,LONG,85.56,84.22
185,2018-07-05 22:45:00,2018-07-11 15:45:00,LTCUSD,LONG,82.95,77.8
186,2018-07-12 02:30:00,2018-07-18 16:15:00,LTCUSD,LONG,77.2,90.9
187,2018-07-21 02:00:00,2018-07-30 12:00:00,LTCUSD,LONG,80.9,83.02
188,2018-07-30 20:45:00,2018-07-31 03:45:00,LTCUSD,LONG,82.24,81.43
189,2018-07-31 22:30:00,2018-08-01 12:00:00,LTCUSD,LONG,78.25,77.87
190,2018-08-01 23:45:00,2018-08-02 20:30:00,LTCUSD,LONG,77.64,76.42
191,2018-08-03 02:30:00,2018-08-03 11:15:00,LTCUSD,LONG,75.25,75.23
192,2018-08-03 12:00:00,2018-08-05 05:15:00,LTCUSD,LONG,75.4,73.3
193,2018-08-05 11:00:00,2018-08-06 06:15:00,LTCUSD,LONG,74.13,75.64
194,2018-08-14 13:45:00,2018-08-14 17:45:00,LTCUSD,LONG,53.32,51.355
195,2018-08-15 04:45:00,2018-08-15 15:15:00,LTCUSD,LONG,56.0,56.81
196,2018-08-16 10:00:00,2018-08-27 08:00:00,LTCUSD,LONG,56.5,57.45
197,2018-08-27 09:45:00,2018-08-29 08:00:00,LTCUSD,LONG,57.34,61.9
198,2018-08-30 14:15:00,2018-08-31 07:00:00,LTCUSD,LONG,59.45,60.6
199,2018-08-31 20:45:00,2018-09-02 00:15:00,LTCUSD,LONG,62.1,66.2
200,2018-09-02 03:30:00,2018-09-02 15:15:00,LTCUSD,LONG,66.47,64.94
201,2018-09-11 07:15:00,2018-09-11 19:00:00,LTCUSD,LONG,54.2,50.56
202,2018-09-12 05:15:00,2018-09-16 11:15:00,LTCUSD,LONG,50.49,56.55
203,2018-09-16 16:45:00,2018-09-16 17:15:00,LTCUSD,LONG,56.8,56.79
204,2018-09-18 00:15:00,2018-09-18 13:15:00,LTCUSD,LONG,51.8,53.77
205,2018-09-18 23:30:00,2018-09-19 21:00:00,LTCUSD,LONG,54.25,54.53
206,2018-09-19 22:45:00,2018-09-20 08:45:00,LTCUSD,LONG,54.15,53.81
207,2018-09-21 00:45:00,2018-09-21 09:00:00,LTCUSD,LONG,56.745000000000005,57.71
208,2018-09-21 09:30:00,2018-09-21 10:45:00,LTCUSD,LONG,57.87,57.94
209,2018-09-21 18:15:00,2018-09-22 08:45:00,LTCUSD,LONG,58.11,58.33
210,2018-09-23 07:15:00,2018-09-24 03:30:00,LTCUSD,LONG,61.32,61.04
211,2018-09-24 11:00:00,2018-09-27 05:45:00,LTCUSD,LONG,58.0,58.0
212,2018-09-27 09:00:00,2018-09-27 17:45:00,LTCUSD,LONG,57.2,62.86
213,2018-09-28 02:30:00,2018-09-29 01:45:00,LTCUSD,LONG,63.88,59.55
214,2018-09-29 04:45:00,2018-09-29 15:45:00,LTCUSD,LONG,59.83,61.505
215,2018-09-30 08:45:00,2018-09-30 12:00:00,LTCUSD,LONG,60.68,61.25
216,2018-09-30 19:00:00,2018-09-30 23:00:00,LTCUSD,LONG,61.1,61.0
217,2018-10-01 01:45:00,2018-10-01 07:30:00,LTCUSD,LONG,61.4,60.84
218,2018-10-02 04:45:00,2018-10-02 06:45:00,LTCUSD,LONG,60.96,60.96
219,2018-10-03 02:45:00,2018-10-03 08:00:00,LTCUSD,LONG,57.64,57.59
220,2018-10-04 09:00:00,2018-10-04 16:00:00,LTCUSD,LONG,58.34,58.48
221,2018-10-04 19:00:00,2018-10-08 19:00:00,LTCUSD,LONG,58.5,58.72
222,2018-10-09 02:15:00,2018-10-09 19:15:00,LTCUSD,LONG,59.0,58.36
223,2018-10-10 01:45:00,2018-10-10 05:15:00,LTCUSD,LONG,58.18,57.01
224,2018-10-10 11:30:00,2018-10-11 16:30:00,LTCUSD,LONG,57.22,52.14
225,2018-10-12 01:00:00,2018-10-12 04:15:00,LTCUSD,LONG,50.6,51.72
226,2018-10-12 15:30:00,2018-10-26 15:45:00,LTCUSD,LONG,53.16,51.56
227,2018-10-26 18:00:00,2018-10-27 03:15:00,LTCUSD,LONG,51.8,51.6
228,2018-10-27 14:30:00,2018-10-27 17:30:00,LTCUSD,LONG,51.39,51.37
229,2018-10-29 05:00:00,2018-10-29 06:30:00,LTCUSD,LONG,51.48,51.48
230,2018-10-30 00:45:00,2018-10-30 06:30:00,LTCUSD,LONG,48.65,48.97
231,2018-11-05 23:15:00,2018-11-06 23:15:00,LTCUSD,LONG,53.14,55.21
232,2018-11-07 16:00:00,2018-11-07 20:00:00,LTCUSD,LONG,53.7,53.79
233,2018-11-08 00:30:00,2018-11-08 05:15:00,LTCUSD,LONG,54.21,53.29
234,2018-11-08 16:45:00,2018-11-08 22:00:00,LTCUSD,LONG,52.78,52.83
235,2018-11-09 03:45:00,2018-11-14 06:00:00,LTCUSD,LONG,52.33,49.86
236,2018-11-14 13:30:00,2018-11-15 09:30:00,LTCUSD,LONG,48.18,42.225
237,2018-11-15 18:45:00,2018-11-22 10:45:00,LTCUSD,LONG,42.5,33.77
238,2018-11-24 06:45:00,2018-12-03 10:45:00,LTCUSD,LONG,31.65,31.92
239,2018-12-07 21:45:00,2018-12-08 07:30:00,LTCUSD,LONG,25.0,25.42
240,2018-12-09 01:15:00,2018-12-10 08:30:00,LTCUSD,LONG,24.45,24.46
241,2018-12-11 00:45:00,2018-12-11 14:45:00,LTCUSD,LONG,24.05,23.03
242,2018-12-11 20:45:00,2018-12-22 06:45:00,LTCUSD,LONG,23.25,30.17
243,2018-12-22 23:30:00,2018-12-23 07:15:00,LTCUSD,LONG,31.43,32.44
244,2018-12-23 08:00:00,2018-12-23 12:00:00,LTCUSD,LONG,32.39,33.19
245,2018-12-23 16:15:00,2018-12-24 14:00:00,LTCUSD,LONG,32.94,35.08
246,2019-01-04 10:15:00,2019-01-04 22:45:00,LTCUSD,LONG,31.9,31.98
247,2019-01-05 00:30:00,2019-01-05 12:00:00,LTCUSD,LONG,32.76,33.91
248,2019-01-05 12:30:00,2019-01-06 06:45:00,LTCUSD,LONG,34.13,35.38
249,2019-01-06 15:45:00,2019-01-06 21:15:00,LTCUSD,LONG,38.315,38.54
250,2019-01-07 02:45:00,2019-01-20 21:30:00,LTCUSD,LONG,38.27,30.67
251,2019-01-21 00:30:00,2019-01-21 05:00:00,LTCUSD,LONG,30.75,30.68
252,2019-01-23 03:45:00,2019-01-24 02:30:00,LTCUSD,LONG,31.75,31.5
253,2019-01-24 12:00:00,2019-01-27 10:15:00,LTCUSD,LONG,31.64,32.35
254,2019-01-27 13:00:00,2019-01-28 10:30:00,LTCUSD,LONG,32.12,30.5
255,2019-01-28 14:45:00,2019-01-28 16:00:00,LTCUSD,LONG,30.53,30.19
256,2019-01-29 07:45:00,2019-01-29 09:15:00,LTCUSD,LONG,30.1,30.65
257,2019-01-29 09:45:00,2019-02-10 05:30:00,LTCUSD,LONG,30.63,42.95
258,2019-02-11 01:30:00,2019-02-11 14:15:00,LTCUSD,LONG,43.93,43.81
259,2019-02-17 11:00:00,2019-02-17 13:15:00,LTCUSD,LONG,43.24,42.29
260,2019-02-17 17:45:00,2019-02-21 19:30:00,LTCUSD,LONG,42.71,47.91
261,2019-02-21 23:30:00,2019-02-22 23:00:00,LTCUSD,LONG,48.86,49.1
262,2019-02-25 02:45:00,2019-02-25 08:30:00,LTCUSD,LONG,44.43,44.17
263,2019-02-25 23:15:00,2019-02-26 14:30:00,LTCUSD,LONG,45.49,45.0
264,2019-02-26 15:15:00,2019-02-27 01:15:00,LTCUSD,LONG,45.07,44.335
265,2019-02-27 06:45:00,2019-02-27 22:30:00,LTCUSD,LONG,44.64,43.78
266,2019-03-11 11:00:00,2019-03-12 11:30:00,LTCUSD,LONG,54.46,55.83
267,2019-03-14 20:45:00,2019-03-17 08:30:00,LTCUSD,LONG,55.5,60.0
268,2019-03-17 09:00:00,2019-03-20 04:15:00,LTCUSD,LONG,60.11,58.57
269,2019-03-20 05:00:00,2019-03-25 14:45:00,LTCUSD,LONG,58.65,59.09
270,2019-03-26 16:45:00,2019-03-26 20:30:00,LTCUSD,LONG,57.99,57.96
271,2019-03-28 23:15:00,2019-03-29 01:30:00,LTCUSD,LONG,60.25,60.26
272,2019-03-29 01:45:00,2019-03-30 11:30:00,LTCUSD,LONG,60.32,60.61
273,2019-03-30 12:30:00,2019-04-01 22:15:00,LTCUSD,LONG,60.47,60.25
274,2019-04-02 14:30:00,2019-04-03 10:00:00,LTCUSD,LONG,69.99,81.68
275,2019-04-09 09:00:00,2019-04-09 12:30:00,LTCUSD,LONG,87.03,88.365
276,2019-04-11 23:00:00,2019-04-16 21:45:00,LTCUSD,LONG,78.92,81.21
277,2019-04-19 04:00:00,2019-04-19 10:00:00,LTCUSD,LONG,81.07,81.67
278,2019-04-19 13:15:00,2019-04-24 03:45:00,LTCUSD,LONG,81.53,74.0
279,2019-04-26 17:00:00,2019-04-30 10:15:00,LTCUSD,LONG,71.17,69.58500000000001
280,2019-05-02 23:00:00,2019-05-20 05:30:00,LTCUSD,LONG,72.34,91.82
281,2019-05-26 10:30:00,2019-06-01 09:15:00,LTCUSD,LONG,101.26,114.36
282,2019-06-03 02:15:00,2019-06-05 04:15:00,LTCUSD,LONG,114.18,102.14
283,2019-06-06 08:00:00,2019-07-05 05:00:00,LTCUSD,LONG,103.95,119.3
284,2019-07-05 11:15:00,2019-07-07 09:00:00,LTCUSD,LONG,120.34,118.05
285,2019-07-07 10:15:00,2019-07-15 04:45:00,LTCUSD,LONG,118.2,88.12
286,2019-07-23 19:15:00,2019-07-28 07:15:00,LTCUSD,LONG,92.665,89.43
287,2019-08-01 03:45:00,2019-08-02 18:15:00,LTCUSD,LONG,96.78,94.03
288,2019-08-03 02:00:00,2019-08-14 18:15:00,LTCUSD,LONG,95.76,77.56
289,2019-08-14 19:15:00,2019-08-15 12:15:00,LTCUSD,LONG,77.0,75.49
290,2019-08-25 13:45:00,2019-08-26 02:00:00,LTCUSD,LONG,74.01,73.75
291,2019-08-26 11:45:00,2019-08-28 23:45:00,LTCUSD,LONG,74.1,66.78
292,2019-08-29 03:15:00,2019-09-04 22:00:00,LTCUSD,LONG,65.87,67.65
293,2019-09-11 16:00:00,2019-09-12 02:15:00,LTCUSD,LONG,69.36,68.8
294,2019-09-16 16:00:00,2019-09-17 00:00:00,LTCUSD,LONG,70.08,72.63
295,2019-09-17 05:15:00,2019-09-18 10:00:00,LTCUSD,LONG,72.8,75.53
296,2019-09-18 12:00:00,2019-09-19 04:15:00,LTCUSD,LONG,75.44,72.61
297,2019-09-19 22:45:00,2019-09-19 23:15:00,LTCUSD,LONG,76.64,76.79
298,2019-09-21 14:45:00,2019-09-21 22:45:00,LTCUSD,LONG,73.46,73.2
299,2019-09-22 02:15:00,2019-09-22 03:45:00,LTCUSD,LONG,71.81,71.34
300,2019-09-22 11:00:00,2019-09-23 05:30:00,LTCUSD,LONG,72.29,72.17
301,2019-09-24 15:30:00,2019-09-26 03:30:00,LTCUSD,LONG,65.28,56.24
302,2019-09-27 08:00:00,2019-09-28 12:45:00,LTCUSD,LONG,55.6,54.86
303,2019-09-30 15:15:00,2019-09-30 20:30:00,LTCUSD,LONG,55.71,55.28
304,2019-09-30 20:45:00,2019-09-30 22:45:00,LTCUSD,LONG,55.33,55.63
305,2019-10-01 01:00:00,2019-10-01 20:15:00,LTCUSD,LONG,55.59,55.24
306,2019-10-01 23:30:00,2019-10-02 03:15:00,LTCUSD,LONG,55.81,55.89
307,2019-10-02 04:45:00,2019-10-02 08:15:00,LTCUSD,LONG,55.83,56.29
308,2019-10-02 15:30:00,2019-10-03 09:00:00,LTCUSD,LONG,55.62,55.88
309,2019-10-03 18:30:00,2019-10-04 08:15:00,LTCUSD,LONG,55.94,56.44
310,2019-10-04 14:45:00,2019-10-06 16:45:00,LTCUSD,LONG,57.06,55.48
311,2019-10-07 02:15:00,2019-10-07 08:15:00,LTCUSD,LONG,54.25,55.095
312,2019-10-07 15:30:00,2019-10-08 14:30:00,LTCUSD,LONG,56.86,57.02
313,2019-10-08 18:15:00,2019-10-09 01:30:00,LTCUSD,LONG,57.0,56.93
314,2019-10-11 11:30:00,2019-10-17 19:30:00,LTCUSD,LONG,56.16,54.49
315,2019-10-18 07:30:00,2019-10-19 22:00:00,LTCUSD,LONG,53.21,53.89
316,2019-10-19 22:45:00,2019-10-20 18:30:00,LTCUSD,LONG,53.72,54.91
317,2019-10-21 05:45:00,2019-10-21 06:45:00,LTCUSD,LONG,54.335,54.35
318,2019-10-21 09:00:00,2019-10-21 14:15:00,LTCUSD,LONG,54.03,54.88
319,2019-10-21 17:45:00,2019-10-21 18:45:00,LTCUSD,LONG,54.46,54.235
320,2019-10-22 03:45:00,2019-10-22 19:15:00,LTCUSD,LONG,55.05,54.34
321,2019-10-24 17:45:00,2019-10-27 02:00:00,LTCUSD,LONG,49.94,56.15
322,2019-10-27 12:30:00,2019-10-28 15:00:00,LTCUSD,LONG,57.03,57.9
323,2019-10-31 10:45:00,2019-10-31 17:15:00,LTCUSD,LONG,57.89,58.76
324,2019-10-31 22:15:00,2019-11-01 17:30:00,LTCUSD,LONG,58.34,57.62
325,2019-11-02 12:15:00,2019-11-06 01:30:00,LTCUSD,LONG,58.31,62.68
326,2019-11-10 06:45:00,2019-11-10 08:00:00,LTCUSD,LONG,63.53,63.28
327,2019-11-11 07:30:00,2019-11-13 04:30:00,LTCUSD,LONG,61.59,60.88
328,2019-11-13 06:45:00,2019-11-14 01:00:00,LTCUSD,LONG,61.0,60.72
329,2019-11-14 09:30:00,2019-11-14 15:30:00,LTCUSD,LONG,58.92,58.895
330,2019-11-14 20:30:00,2019-11-18 14:45:00,LTCUSD,LONG,59.06,58.03
331,2019-11-18 19:00:00,2019-11-18 22:45:00,LTCUSD,LONG,55.79,56.06
332,2019-11-18 23:15:00,2019-11-18 23:45:00,LTCUSD,LONG,55.98,55.71
333,2019-11-19 01:45:00,2019-11-19 03:15:00,LTCUSD,LONG,56.02,55.65
334,2019-11-19 23:45:00,2019-11-20 01:30:00,LTCUSD,LONG,55.08,55.71
335,2019-11-20 05:45:00,2019-11-20 06:15:00,LTCUSD,LONG,55.33,55.7
336,2019-11-20 10:30:00,2019-11-20 10:45:00,LTCUSD,LONG,54.85,55.28
337,2019-11-20 15:45:00,2019-11-20 21:15:00,LTCUSD,LONG,55.14,55.0
338,2019-11-21 18:30:00,2019-11-21 21:00:00,LTCUSD,LONG,50.47,50.32
339,2019-11-21 22:45:00,2019-11-29 03:30:00,LTCUSD,LONG,50.6,47.61
340,2019-11-29 15:15:00,2019-11-29 21:45:00,LTCUSD,LONG,48.78,48.45
341,2019-11-29 23:30:00,2019-11-30 03:15:00,LTCUSD,LONG,48.72,48.24
342,2019-11-30 04:45:00,2019-12-03 20:00:00,LTCUSD,LONG,48.32,45.59
343,2019-12-03 21:15:00,2019-12-03 23:00:00,LTCUSD,LONG,45.2,44.97
344,2019-12-04 01:00:00,2019-12-05 02:00:00,LTCUSD,LONG,44.32,44.62
345,2019-12-05 05:00:00,2019-12-05 15:30:00,LTCUSD,LONG,44.16,44.03
346,2019-12-06 05:45:00,2019-12-06 07:30:00,LTCUSD,LONG,44.47,44.25
347,2019-12-12 23:30:00,2019-12-13 13:45:00,LTCUSD,LONG,43.66,43.64
348,2019-12-13 20:45:00,2019-12-13 22:00:00,LTCUSD,LONG,44.29,44.21
349,2019-12-14 14:30:00,2019-12-15 05:30:00,LTCUSD,LONG,43.8,43.29
350,2019-12-15 05:45:00,2019-12-15 07:00:00,LTCUSD,LONG,43.33,43.29
351,2019-12-15 15:00:00,2019-12-16 08:30:00,LTCUSD,LONG,43.46,42.89
352,2019-12-16 23:00:00,2019-12-16 23:45:00,LTCUSD,LONG,40.1,39.9
353,2019-12-17 06:00:00,2019-12-17 06:45:00,LTCUSD,LONG,39.76,39.66
354,2019-12-17 08:45:00,2019-12-18 10:15:00,LTCUSD,LONG,39.42,37.33
355,2019-12-19 03:15:00,2019-12-19 07:15:00,LTCUSD,LONG,40.5,39.61
356,2019-12-20 01:30:00,2019-12-20 05:00:00,LTCUSD,LONG,39.565,39.65
357,2019-12-20 10:00:00,2019-12-20 17:15:00,LTCUSD,LONG,39.65,39.93
358,2019-12-20 23:00:00,2019-12-21 12:15:00,LTCUSD,LONG,40.32,39.88
359,2019-12-21 14:00:00,2019-12-21 16:15:00,LTCUSD,LONG,39.69,39.8
360,2019-12-21 16:30:00,2019-12-21 23:15:00,LTCUSD,LONG,39.85,39.69
361,2019-12-22 03:30:00,2019-12-22 12:30:00,LTCUSD,LONG,39.75,40.91
362,2019-12-22 14:30:00,2019-12-23 05:30:00,LTCUSD,LONG,40.87,41.85
363,2019-12-23 07:00:00,2019-12-23 23:30:00,LTCUSD,LONG,41.8,40.52
364,2019-12-24 07:45:00,2019-12-24 08:15:00,LTCUSD,LONG,40.5,40.6
365,2019-12-24 21:15:00,2019-12-25 05:30:00,LTCUSD,LONG,40.53,40.04
366,2019-12-25 08:30:00,2019-12-26 02:00:00,LTCUSD,LONG,40.26,39.84
367,2019-12-26 02:30:00,2019-12-26 06:00:00,LTCUSD,LONG,39.85,39.75
368,2019-12-26 12:00:00,2019-12-26 12:45:00,LTCUSD,LONG,39.75,39.81
369,2019-12-26 23:15:00,2019-12-27 13:30:00,LTCUSD,LONG,39.69,40.09
370,2019-12-31 00:00:00,2019-12-31 11:00:00,LTCUSD,LONG,42.31,42.13
371,2019-12-31 11:30:00,2020-01-01 02:00:00,LTCUSD,LONG,42.2,41.5
372,2020-01-01 18:30:00,2020-01-01 19:15:00,LTCUSD,LONG,41.6,41.56
373,2020-01-01 20:45:00,2020-01-02 03:15:00,LTCUSD,LONG,41.61,41.17
374,2020-01-02 13:45:00,2020-01-02 16:30:00,LTCUSD,LONG,41.08,40.9
375,2020-01-02 23:15:00,2020-01-03 00:30:00,LTCUSD,LONG,39.37,39.06
376,2020-01-03 19:45:00,2020-01-03 22:15:00,LTCUSD,LONG,41.73,41.5
377,2020-01-03 22:30:00,2020-01-04 07:15:00,LTCUSD,LONG,41.57,42.42
378,2020-01-05 05:00:00,2020-01-05 08:15:00,LTCUSD,LONG,42.97,42.92
379,2020-01-05 12:30:00,2020-01-07 04:00:00,LTCUSD,LONG,43.12,45.2
380,2020-01-07 06:00:00,2020-01-07 11:45:00,LTCUSD,LONG,45.23,45.45
381,2020-01-09 00:30:00,2020-01-09 13:00:00,LTCUSD,LONG,45.26,45.2
382,2020-01-10 03:30:00,2020-01-12 21:45:00,LTCUSD,LONG,44.55,50.14
383,2020-01-13 04:15:00,2020-01-13 07:30:00,LTCUSD,LONG,49.82,49.79
384,2020-01-13 08:45:00,2020-01-13 11:00:00,LTCUSD,LONG,50.1,50.24
385,2020-01-14 08:15:00,2020-01-14 12:00:00,LTCUSD,LONG,53.75,53.88
386,2020-01-15 17:00:00,2020-01-15 18:15:00,LTCUSD,LONG,57.53,56.9
387,2020-01-17 10:30:00,2020-01-18 08:00:00,LTCUSD,LONG,59.71,59.03
388,2020-01-18 12:30:00,2020-01-19 22:00:00,LTCUSD,LONG,60.44,56.54
389,2020-01-19 23:00:00,2020-01-20 02:30:00,LTCUSD,LONG,57.35,56.77
390,2020-01-20 12:30:00,2020-01-21 04:00:00,LTCUSD,LONG,56.45,57.78
391,2020-01-21 08:45:00,2020-01-21 23:15:00,LTCUSD,LONG,57.47,57.39
392,2020-01-22 02:45:00,2020-01-22 17:00:00,LTCUSD,LONG,57.32,58.15
393,2020-01-22 19:00:00,2020-01-25 14:45:00,LTCUSD,LONG,58.1,52.99
394,2020-01-28 00:45:00,2020-01-28 07:45:00,LTCUSD,LONG,59.94,59.9
395,2020-01-28 12:30:00,2020-01-28 21:45:00,LTCUSD,LONG,59.3,59.08
396,2020-02-02 11:45:00,2020-02-03 10:30:00,LTCUSD,LONG,71.67,69.88
397,2020-02-06 02:00:00,2020-02-06 12:00:00,LTCUSD,LONG,72.03,74.31
398,2020-02-12 14:45:00,2020-02-13 17:00:00,LTCUSD,LONG,79.6,79.9
399,2020-02-14 21:45:00,2020-02-15 10:30:00,LTCUSD,LONG,82.9,81.375
400,2020-02-15 11:15:00,2020-02-16 07:00:00,LTCUSD,LONG,81.025,79.245
401,2020-02-19 08:00:00,2020-02-21 10:00:00,LTCUSD,LONG,76.95,71.91499999999999
402,2020-02-21 18:15:00,2020-02-28 05:45:00,LTCUSD,LONG,74.06,61.46
403,2020-03-04 10:15:00,2020-03-04 20:15:00,LTCUSD,LONG,60.45,59.69
404,2020-03-09 22:00:00,2020-03-25 12:15:00,LTCUSD,LONG,48.72,38.72
405,2020-03-25 16:00:00,2020-03-26 04:00:00,LTCUSD,LONG,39.17,39.66
406,2020-03-26 08:45:00,2020-03-26 11:15:00,LTCUSD,LONG,39.24,39.39
407,2020-03-26 18:30:00,2020-03-28 16:30:00,LTCUSD,LONG,39.01,37.95
408,2020-03-30 12:30:00,2020-04-01 14:45:00,LTCUSD,LONG,38.9,38.04
409,2020-04-01 18:00:00,2020-04-01 20:45:00,LTCUSD,LONG,37.65,38.01
410,2020-04-02 03:30:00,2020-04-02 09:30:00,LTCUSD,LONG,39.43,39.68
411,2020-04-03 00:30:00,2020-04-05 14:45:00,LTCUSD,LONG,39.95,40.6
412,2020-04-07 21:00:00,2020-04-07 22:15:00,LTCUSD,LONG,44.33,44.51
413,2020-04-08 01:30:00,2020-04-11 12:00:00,LTCUSD,LONG,44.6,42.6
414,2020-04-11 13:30:00,2020-04-11 15:00:00,LTCUSD,LONG,42.46,42.36
415,2020-04-11 20:15:00,2020-04-12 00:00:00,LTCUSD,LONG,41.71,42.55
416,2020-04-13 01:45:00,2020-04-13 04:45:00,LTCUSD,LONG,40.34,40.22
417,2020-04-13 07:45:00,2020-04-13 17:30:00,LTCUSD,LONG,40.29,40.41
418,2020-04-16 04:30:00,2020-04-16 10:15:00,LTCUSD,LONG,39.0,42.78
419,2020-04-16 16:30:00,2020-04-16 18:30:00,LTCUSD,LONG,42.33,42.18
420,2020-04-17 06:30:00,2020-04-17 09:15:00,LTCUSD,LONG,41.86,42.35
421,2020-04-18 08:45:00,2020-04-18 22:45:00,LTCUSD,LONG,42.53,44.06
422,2020-04-19 01:30:00,2020-04-21 15:15:00,LTCUSD,LONG,43.82,40.57
423,2020-04-21 16:15:00,2020-04-21 17:00:00,LTCUSD,LONG,40.67,40.6
424,2020-04-22 04:30:00,2020-04-22 11:30:00,LTCUSD,LONG,40.8,41.07
425,2020-04-23 03:00:00,2020-04-23 18:15:00,LTCUSD,LONG,41.67,43.19
426,2020-04-23 19:15:00,2020-04-25 07:30:00,LTCUSD,LONG,43.45,45.0
427,2020-04-28 22:15:00,2020-05-01 03:30:00,LTCUSD,LONG,44.99,46.72
428,2020-05-01 20:30:00,2020-05-04 09:45:00,LTCUSD,LONG,46.8,45.75
429,2020-05-04 19:00:00,2020-05-04 22:15:00,LTCUSD,LONG,47.09,47.2
430,2020-05-05 02:30:00,2020-05-05 20:30:00,LTCUSD,LONG,47.05,46.41
431,2020-05-07 10:30:00,2020-05-07 21:15:00,LTCUSD,LONG,45.96,47.4
432,2020-05-07 22:30:00,2020-05-08 01:15:00,LTCUSD,LONG,47.53,47.87
433,2020-05-09 14:00:00,2020-05-10 13:45:00,LTCUSD,LONG,47.95,42.52
434,2020-05-11 06:00:00,2020-05-11 06:15:00,LTCUSD,LONG,41.81,41.84
435,2020-05-12 08:15:00,2020-05-12 16:15:00,LTCUSD,LONG,42.23,42.4
436,2020-05-12 19:00:00,2020-05-13 08:30:00,LTCUSD,LONG,42.36,42.16
437,2020-05-14 05:30:00,2020-05-15 04:15:00,LTCUSD,LONG,42.86,43.07
438,2020-05-16 21:30:00,2020-05-17 09:45:00,LTCUSD,LONG,43.35,44.06
439,2020-05-17 11:15:00,2020-05-17 16:15:00,LTCUSD,LONG,44.12,44.2
440,2020-05-17 17:00:00,2020-05-18 13:15:00,LTCUSD,LONG,44.11,45.13
441,2020-05-19 02:15:00,2020-05-19 20:00:00,LTCUSD,LONG,44.55,44.99
442,2020-05-19 23:30:00,2020-05-20 01:00:00,LTCUSD,LONG,45.52,45.83
443,2020-05-20 08:00:00,2020-05-22 02:00:00,LTCUSD,LONG,45.615,42.77
444,2020-05-22 23:45:00,2020-05-23 09:30:00,LTCUSD,LONG,44.24,44.06
445,2020-05-23 19:00:00,2020-05-23 21:15:00,LTCUSD,LONG,44.08,44.15
446,2020-05-24 00:00:00,2020-05-24 19:00:00,LTCUSD,LONG,43.91,42.89
447,2020-05-25 04:00:00,2020-05-25 12:15:00,LTCUSD,LONG,42.66,42.87
448,2020-05-26 08:45:00,2020-05-28 18:00:00,LTCUSD,LONG,42.82,44.32
449,2020-05-29 07:45:00,2020-05-29 18:30:00,LTCUSD,LONG,44.77,44.585
450,2020-05-29 18:45:00,2020-05-30 16:45:00,LTCUSD,LONG,44.63,46.98
451,2020-05-31 14:15:00,2020-05-31 20:15:00,LTCUSD,LONG,46.73,46.5
452,2020-05-31 21:30:00,2020-06-04 13:00:00,LTCUSD,LONG,45.89,47.45
453,2020-06-05 03:45:00,2020-06-05 08:00:00,LTCUSD,LONG,47.5,47.31
454,2020-06-05 11:45:00,2020-06-08 04:00:00,LTCUSD,LONG,47.23,46.65
455,2020-06-08 18:00:00,2020-06-10 04:00:00,LTCUSD,LONG,46.2,45.82
456,2020-06-10 10:15:00,2020-06-10 11:00:00,LTCUSD,LONG,45.8,45.89
457,2020-06-12 16:45:00,2020-06-12 19:45:00,LTCUSD,LONG,44.8,44.71
458,2020-06-13 05:45:00,2020-06-13 09:15:00,LTCUSD,LONG,44.51,44.68
459,2020-06-13 11:45:00,2020-06-14 09:30:00,LTCUSD,LONG,44.58,44.45
460,2020-06-14 12:00:00,2020-06-14 14:00:00,LTCUSD,LONG,44.55,44.37
461,2020-06-14 18:45:00,2020-06-14 20:15:00,LTCUSD,LONG,44.24,44.28
462,2020-06-15 05:15:00,2020-06-15 07:30:00,LTCUSD,LONG,42.87,42.515
463,2020-06-15 12:15:00,2020-06-15 14:30:00,LTCUSD,LONG,42.76,42.85
464,2020-06-16 06:00:00,2020-06-16 18:30:00,LTCUSD,LONG,44.0,43.78
465,2020-06-16 20:00:00,2020-06-19 22:00:00,LTCUSD,LONG,43.83,42.92
466,2020-06-20 01:00:00,2020-06-20 02:30:00,LTCUSD,LONG,42.9,42.89
467,2020-06-22 08:30:00,2020-06-24 08:45:00,LTCUSD,LONG,43.61,43.41
468,2020-06-24 23:00:00,2020-06-25 02:00:00,LTCUSD,LONG,42.68,42.615
469,2020-06-25 17:45:00,2020-06-26 06:30:00,LTCUSD,LONG,42.47,42.21
470,2020-06-26 08:30:00,2020-06-28 12:00:00,LTCUSD,LONG,41.69,41.22
471,2020-06-28 12:45:00,2020-06-28 15:15:00,LTCUSD,LONG,41.23,41.7
472,2020-06-29 01:45:00,2020-06-29 16:30:00,LTCUSD,LONG,41.53,41.42
473,2020-06-29 17:45:00,2020-06-29 22:30:00,LTCUSD,LONG,41.59,41.81
474,2020-06-30 05:00:00,2020-07-01 09:30:00,LTCUSD,LONG,41.44,41.59
475,2020-07-03 00:30:00,2020-07-03 12:00:00,LTCUSD,LONG,41.04,41.37
476,2020-07-07 02:45:00,2020-07-07 14:30:00,LTCUSD,LONG,43.72,43.67
477,2020-07-10 13:45:00,2020-07-11 08:15:00,LTCUSD,LONG,44.12,44.33
478,2020-07-11 14:30:00,2020-07-12 01:00:00,LTCUSD,LONG,44.28,44.86
479,2020-07-12 02:00:00,2020-07-12 13:15:00,LTCUSD,LONG,44.97,44.55
480,2020-07-12 22:45:00,2020-07-12 23:15:00,LTCUSD,LONG,44.8,44.63
481,2020-07-13 05:30:00,2020-07-13 08:30:00,LTCUSD,LONG,44.75,45.14
482,2020-07-14 10:45:00,2020-07-14 13:15:00,LTCUSD,LONG,43.37,43.55
483,2020-07-14 19:15:00,2020-07-15 05:15:00,LTCUSD,LONG,43.72,43.49
484,2020-07-16 15:45:00,2020-07-17 10:30:00,LTCUSD,LONG,42.04,41.86
485,2020-07-19 13:15:00,2020-07-19 13:30:00,LTCUSD,LONG,42.09,42.08
486,2020-07-19 16:15:00,2020-07-20 17:30:00,LTCUSD,LONG,42.03,42.35
487,2020-07-20 18:15:00,2020-07-21 02:15:00,LTCUSD,LONG,42.25,42.25
488,2020-07-21 06:45:00,2020-07-21 08:00:00,LTCUSD,LONG,42.52,43.38
489,2020-07-21 12:15:00,2020-07-21 19:00:00,LTCUSD,LONG,44.1,43.6
490,2020-07-23 05:15:00,2020-07-23 18:30:00,LTCUSD,LONG,44.89,45.13
491,2020-07-23 21:45:00,2020-07-25 05:00:00,LTCUSD,LONG,45.08,47.03
492,2020-07-30 06:45:00,2020-08-05 16:45:00,LTCUSD,LONG,54.87,58.85
493,2020-08-06 22:45:00,2020-08-07 03:30:00,LTCUSD,LONG,59.37,59.91
494,2020-08-07 08:00:00,2020-08-07 16:45:00,LTCUSD,LONG,59.65,58.32
495,2020-08-07 22:00:00,2020-08-08 04:00:00,LTCUSD,LONG,57.58,56.68
496,2020-08-08 05:15:00,2020-08-09 05:00:00,LTCUSD,LONG,56.97,57.82
497,2020-08-09 07:30:00,2020-08-10 05:00:00,LTCUSD,LONG,57.85,58.065
498,2020-08-10 12:00:00,2020-08-10 12:45:00,LTCUSD,LONG,57.32,57.84
499,2020-08-10 23:00:00,2020-08-11 04:15:00,LTCUSD,LONG,58.32,58.33
500,2020-08-11 05:15:00,2020-08-11 08:45:00,LTCUSD,LONG,58.34,57.38
501,2020-08-11 10:30:00,2020-08-12 09:00:00,LTCUSD,LONG,57.55,54.375
502,2020-08-12 09:30:00,2020-08-12 20:30:00,LTCUSD,LONG,54.56,54.67
503,2020-08-13 05:15:00,2020-08-15 02:30:00,LTCUSD,LONG,54.48,57.83
504,2020-08-15 04:30:00,2020-08-16 07:45:00,LTCUSD,LONG,57.44,61.58
505,2020-08-16 13:30:00,2020-08-17 21:15:00,LTCUSD,LONG,61.01,68.39500000000001
506,2020-08-18 03:30:00,2020-08-18 13:00:00,LTCUSD,LONG,67.32,66.11
507,2020-08-19 22:15:00,2020-08-25 09:00:00,LTCUSD,LONG,61.68,60.44
508,2020-08-25 09:30:00,2020-08-26 14:15:00,LTCUSD,LONG,60.66,58.445
509,2020-08-27 03:15:00,2020-08-27 12:30:00,LTCUSD,LONG,57.89,57.26
510,2020-08-28 00:30:00,2020-08-29 11:45:00,LTCUSD,LONG,55.68,57.215
511,2020-08-30 18:45:00,2020-09-08 10:45:00,LTCUSD,LONG,61.93,47.455
512,2020-09-09 07:30:00,2020-09-09 15:45:00,LTCUSD,LONG,47.545,47.985
513,2020-09-10 12:15:00,2020-09-10 14:15:00,LTCUSD,LONG,48.85,48.99
514,2020-09-10 21:45:00,2020-09-11 11:15:00,LTCUSD,LONG,48.7,48.54
515,2020-09-11 17:15:00,2020-09-11 23:45:00,LTCUSD,LONG,48.345,48.98
516,2020-09-12 17:00:00,2020-09-12 22:00:00,LTCUSD,LONG,48.88,50.8
517,2020-09-13 02:15:00,2020-09-13 07:45:00,LTCUSD,LONG,50.5,50.69
518,2020-09-13 09:00:00,2020-09-14 21:00:00,LTCUSD,LONG,50.66,48.74
519,2020-09-14 23:15:00,2020-09-15 17:45:00,LTCUSD,LONG,48.76,49.1
520,2020-09-15 20:00:00,2020-09-15 22:30:00,LTCUSD,LONG,48.85,48.51
521,2020-09-16 22:00:00,2020-09-17 22:30:00,LTCUSD,LONG,48.21,49.0
522,2020-09-17 23:00:00,2020-09-19 06:15:00,LTCUSD,LONG,49.01,48.135000000000005
523,2020-09-20 02:00:00,2020-09-20 04:30:00,LTCUSD,LONG,48.23,48.09
524,2020-09-20 18:00:00,2020-09-20 18:15:00,LTCUSD,LONG,46.97,46.96
525,2020-09-20 18:45:00,2020-09-20 19:15:00,LTCUSD,LONG,47.11,47.03
526,2020-09-20 22:30:00,2020-09-22 02:00:00,LTCUSD,LONG,46.66,43.24
527,2020-09-22 02:45:00,2020-09-22 19:15:00,LTCUSD,LONG,43.46,43.85
528,2020-09-22 20:15:00,2020-09-23 04:00:00,LTCUSD,LONG,43.99,44.26
529,2020-09-23 12:00:00,2020-09-23 17:30:00,LTCUSD,LONG,44.64,44.4
530,2020-09-23 19:15:00,2020-09-23 21:15:00,LTCUSD,LONG,43.39,43.1
531,2020-09-24 00:45:00,2020-09-24 03:30:00,LTCUSD,LONG,43.57,43.58
532,2020-09-25 06:15:00,2020-09-26 05:45:00,LTCUSD,LONG,44.35,45.89
533,2020-09-26 11:15:00,2020-09-26 14:45:00,LTCUSD,LONG,45.78,45.7
534,2020-09-27 00:30:00,2020-09-30 00:30:00,LTCUSD,LONG,46.35,45.495000000000005
535,2020-09-30 12:30:00,2020-10-01 21:00:00,LTCUSD,LONG,45.975,46.17
536,2020-10-02 03:00:00,2020-10-02 03:30:00,LTCUSD,LONG,46.26,46.33
537,2020-10-03 03:30:00,2020-10-07 08:15:00,LTCUSD,LONG,45.16,45.75
538,2020-10-07 21:30:00,2020-10-07 22:30:00,LTCUSD,LONG,46.63,46.45
539,2020-10-08 11:30:00,2020-10-12 21:00:00,LTCUSD,LONG,45.97,51.08
540,2020-10-12 21:45:00,2020-10-13 16:30:00,LTCUSD,LONG,51.48,49.71
541,2020-10-13 21:30:00,2020-10-14 04:30:00,LTCUSD,LONG,50.0,49.96
542,2020-10-14 06:30:00,2020-10-15 17:45:00,LTCUSD,LONG,50.355,49.82
543,2020-10-15 19:15:00,2020-10-16 05:15:00,LTCUSD,LONG,49.72,47.13
544,2020-10-16 15:00:00,2020-10-17 03:15:00,LTCUSD,LONG,47.195,47.47
545,2020-10-17 22:30:00,2020-10-18 05:00:00,LTCUSD,LONG,46.78,47.15
546,2020-11-01 18:15:00,2020-11-01 18:45:00,LTCUSD,LONG,55.16,55.24
547,2020-11-02 03:15:00,2020-11-02 05:45:00,LTCUSD,LONG,55.92,55.58
548,2020-11-02 22:15:00,2020-11-03 07:15:00,LTCUSD,LONG,54.21,52.5
549,2020-11-04 11:15:00,2020-11-04 23:15:00,LTCUSD,LONG,53.0,54.7
550,2020-11-05 15:30:00,2020-11-06 06:00:00,LTCUSD,LONG,58.78,61.085
551,2020-11-07 20:00:00,2020-11-08 09:00:00,LTCUSD,LONG,58.34,59.33
552,2020-11-08 10:00:00,2020-11-09 00:00:00,LTCUSD,LONG,59.745000000000005,60.81
553,2020-11-09 05:00:00,2020-11-09 17:15:00,LTCUSD,LONG,60.33,58.66
554,2020-11-09 17:45:00,2020-11-10 23:30:00,LTCUSD,LONG,58.96,58.0
555,2020-11-11 08:00:00,2020-11-11 08:30:00,LTCUSD,LONG,59.56,59.21
556,2020-11-12 18:15:00,2020-11-22 19:15:00,LTCUSD,LONG,58.63,84.03
557,2020-11-29 13:15:00,2020-12-01 19:30:00,LTCUSD,LONG,75.25,88.3
558,2020-12-05 08:45:00,2020-12-09 10:30:00,LTCUSD,LONG,84.12,76.0
559,2020-12-11 04:00:00,2020-12-12 06:15:00,LTCUSD,LONG,72.24,74.91
560,2020-12-14 12:15:00,2020-12-14 16:45:00,LTCUSD,LONG,80.07,80.55
561,2020-12-14 23:00:00,2020-12-18 22:15:00,LTCUSD,LONG,82.44,107.25
562,2021-01-05 18:30:00,2021-01-13 08:15:00,LTCUSD,LONG,156.19,137.085
563,2021-01-15 02:00:00,2021-01-22 21:30:00,LTCUSD,LONG,162.7,139.1
564,2021-01-31 03:15:00,2021-02-01 10:30:00,LTCUSD,LONG,132.54000000000002,132.64499999999998
565,2021-02-09 16:15:00,2021-03-04 17:15:00,LTCUSD,LONG,169.64,185.31
566,2021-03-04 22:30:00,2021-03-05 02:30:00,LTCUSD,LONG,179.9,171.26
567,2021-03-05 07:45:00,2021-03-10 01:15:00,LTCUSD,LONG,174.13,205.08
568,2021-03-27 04:15:00,2021-03-29 08:00:00,LTCUSD,LONG,182.88,193.85
569,2021-04-18 02:15:00,2021-04-28 09:45:00,LTCUSD,LONG,291.0,252.29
570,2021-04-29 06:45:00,2021-06-11 18:15:00,LTCUSD,LONG,255.26,163.58499999999998
571,2021-06-11 20:15:00,2021-06-11 21:45:00,LTCUSD,LONG,165.0,161.10500000000002
572,2021-06-16 13:45:00,2021-06-18 03:45:00,LTCUSD,LONG,169.32,165.3
573,2021-06-19 22:15:00,2021-06-24 08:15:00,LTCUSD,LONG,154.45,131.52
574,2021-06-28 21:30:00,2021-06-30 05:45:00,LTCUSD,LONG,139.35,141.51
575,2021-07-09 07:30:00,2021-07-11 12:30:00,LTCUSD,LONG,131.18,134.22
576,2021-07-11 15:00:00,2021-07-15 06:45:00,LTCUSD,LONG,135.6,127.92
577,2021-07-16 00:00:00,2021-07-16 13:30:00,LTCUSD,LONG,126.58,123.31
578,2021-07-23 19:15:00,2021-07-28 00:15:00,LTCUSD,LONG,118.48,133.565
579,2021-07-28 11:45:00,2021-07-29 01:30:00,LTCUSD,LONG,139.65499999999997,137.05
580,2021-07-29 06:30:00,2021-07-29 10:15:00,LTCUSD,LONG,139.79,139.9
581,2021-07-29 17:00:00,2021-07-29 21:00:00,LTCUSD,LONG,140.775,140.52
582,2021-07-30 06:45:00,2021-08-04 10:00:00,LTCUSD,LONG,141.93,136.73
583,2021-08-06 15:00:00,2021-08-12 10:45:00,LTCUSD,LONG,145.28,171.04
